year_month,product_title,forecast_units
2026-01-01,OmiePod fork & spoon set,24
2026-02-01,OmiePod fork & spoon set,12
2026-03-01,OmiePod fork & spoon set,14
2026-04-01,OmiePod fork & spoon set,25
2026-05-01,OmiePod fork & spoon set,15
2026-06-01,OmiePod fork & spoon set,16
2026-07-01,OmiePod fork & spoon set,18
2026-08-01,OmiePod fork & spoon set,94
2026-09-01,OmiePod fork & spoon set,103
2026-10-01,OmiePod fork & spoon set,26
2026-11-01,OmiePod fork & spoon set,16
2026-12-01,OmiePod fork & spoon set,15
2026-01-01,OmieDip (set of 2),18
2026-02-01,OmieDip (set of 2),9
2026-03-01,OmieDip (set of 2),11
2026-04-01,OmieDip (set of 2),15
2026-05-01,OmieDip (set of 2),15
2026-06-01,OmieDip (set of 2),13
2026-07-01,OmieDip (set of 2),16
2026-08-01,OmieDip (set of 2),78
2026-09-01,OmieDip (set of 2),76
2026-10-01,OmieDip (set of 2),44
2026-11-01,OmieDip (set of 2),19
2026-12-01,OmieDip (set of 2),17
2025-10-01,Omiebox Bentobox Pink Berry,19
2025-11-01,Omiebox Bentobox Pink Berry,7
2025-12-01,Omiebox Bentobox Pink Berry,4
2026-01-01,Omiebox Bentobox Pink Berry,7
2026-02-01,Omiebox Bentobox Pink Berry,6
2026-03-01,Omiebox Bentobox Pink Berry,7
2026-04-01,Omiebox Bentobox Pink Berry,9
2026-05-01,Omiebox Bentobox Pink Berry,7
2026-06-01,Omiebox Bentobox Pink Berry,5
2026-07-01,Omiebox Bentobox Pink Berry,8
2026-08-01,Omiebox Bentobox Pink Berry,44
2026-09-01,Omiebox Bentobox Pink Berry,33
2026-01-01,Name Customization,6
2026-02-01,Name Customization,2
2026-03-01,Name Customization,3
2026-04-01,Name Customization,9
2026-05-01,Name Customization,6
2026-06-01,Name Customization,2
2026-07-01,Name Customization,7
2026-08-01,Name Customization,42
2026-09-01,Name Customization,33
2026-10-01,Name Customization,0
2026-11-01,Name Customization,0
2026-12-01,Name Customization,0
2025-11-01,Omiebox Bentobox Blue Sky,18
2025-12-01,Omiebox Bentobox Blue Sky,7
2026-01-01,Omiebox Bentobox Blue Sky,7
2026-02-01,Omiebox Bentobox Blue Sky,4
2026-03-01,Omiebox Bentobox Blue Sky,7
2026-04-01,Omiebox Bentobox Blue Sky,9
2026-05-01,Omiebox Bentobox Blue Sky,8
2026-06-01,Omiebox Bentobox Blue Sky,7
2026-07-01,Omiebox Bentobox Blue Sky,9
2026-08-01,Omiebox Bentobox Blue Sky,34
2026-09-01,Omiebox Bentobox Blue Sky,33
2026-10-01,Omiebox Bentobox Blue Sky,14
2026-01-01,"Small Bumper -350ML, 475ML, 700ML",11
2026-02-01,"Small Bumper -350ML, 475ML, 700ML",8
2026-03-01,"Small Bumper -350ML, 475ML, 700ML",6
2026-04-01,"Small Bumper -350ML, 475ML, 700ML",14
2026-05-01,"Small Bumper -350ML, 475ML, 700ML",15
2026-06-01,"Small Bumper -350ML, 475ML, 700ML",16
2026-07-01,"Small Bumper -350ML, 475ML, 700ML",12
2026-08-01,"Small Bumper -350ML, 475ML, 700ML",47
2026-09-01,"Small Bumper -350ML, 475ML, 700ML",22
2026-10-01,"Small Bumper -350ML, 475ML, 700ML",12
2026-11-01,"Small Bumper -350ML, 475ML, 700ML",10
2026-12-01,"Small Bumper -350ML, 475ML, 700ML",6
2026-01-01,OmieSnack,15
2026-02-01,OmieSnack,0
2026-03-01,OmieSnack,4
2026-04-01,OmieSnack,0
2026-05-01,OmieSnack,0
2026-06-01,OmieSnack,0
2026-07-01,OmieSnack,0
2026-08-01,OmieSnack,0
2026-09-01,OmieSnack,6
2026-10-01,OmieSnack,14
2026-11-01,OmieSnack,16
2026-12-01,OmieSnack,11
2026-01-01,MontiiCo 475ml Water Bottle,5
2026-02-01,MontiiCo 475ml Water Bottle,7
2026-03-01,MontiiCo 475ml Water Bottle,2
2026-04-01,MontiiCo 475ml Water Bottle,12
2026-05-01,MontiiCo 475ml Water Bottle,10
2026-06-01,MontiiCo 475ml Water Bottle,8
2026-07-01,MontiiCo 475ml Water Bottle,5
2026-08-01,MontiiCo 475ml Water Bottle,31
2026-09-01,MontiiCo 475ml Water Bottle,10
2026-10-01,MontiiCo 475ml Water Bottle,8
2026-11-01,MontiiCo 475ml Water Bottle,2
2026-12-01,MontiiCo 475ml Water Bottle,0
2026-01-01,Yumbox Tapas 5 Compartments (Large),7
2026-02-01,Yumbox Tapas 5 Compartments (Large),17
2026-03-01,Yumbox Tapas 5 Compartments (Large),15
2026-04-01,Yumbox Tapas 5 Compartments (Large),18
2026-05-01,Yumbox Tapas 5 Compartments (Large),7
2026-06-01,Yumbox Tapas 5 Compartments (Large),6
2026-07-01,Yumbox Tapas 5 Compartments (Large),6
2026-08-01,Yumbox Tapas 5 Compartments (Large),10
2026-09-01,Yumbox Tapas 5 Compartments (Large),15
2026-10-01,Yumbox Tapas 5 Compartments (Large),7
2026-11-01,Yumbox Tapas 5 Compartments (Large),12
2026-12-01,Yumbox Tapas 5 Compartments (Large),9
2025-10-01,Omiebox Bentobox Purple Plum,13
2025-11-01,Omiebox Bentobox Purple Plum,10
2025-12-01,Omiebox Bentobox Purple Plum,6
2026-01-01,Omiebox Bentobox Purple Plum,11
2026-02-01,Omiebox Bentobox Purple Plum,7
2026-03-01,Omiebox Bentobox Purple Plum,8
2026-04-01,Omiebox Bentobox Purple Plum,10
2026-05-01,Omiebox Bentobox Purple Plum,8
2026-06-01,Omiebox Bentobox Purple Plum,7
2026-07-01,Omiebox Bentobox Purple Plum,9
2026-08-01,Omiebox Bentobox Purple Plum,25
2026-09-01,Omiebox Bentobox Purple Plum,20
2026-01-01,MontiiCo 700ml Water Bottle,1
2026-02-01,MontiiCo 700ml Water Bottle,0
2026-03-01,MontiiCo 700ml Water Bottle,0
2026-04-01,MontiiCo 700ml Water Bottle,6
2026-05-01,MontiiCo 700ml Water Bottle,8
2026-06-01,MontiiCo 700ml Water Bottle,7
2026-07-01,MontiiCo 700ml Water Bottle,6
2026-08-01,MontiiCo 700ml Water Bottle,22
2026-09-01,MontiiCo 700ml Water Bottle,15
2026-10-01,MontiiCo 700ml Water Bottle,3
2026-11-01,MontiiCo 700ml Water Bottle,3
2026-12-01,MontiiCo 700ml Water Bottle,0
2024-08-01,MontiiCo Bumper for Original and Mini bottles,5
2024-09-01,MontiiCo Bumper for Original and Mini bottles,5
2024-10-01,MontiiCo Bumper for Original and Mini bottles,5
2024-11-01,MontiiCo Bumper for Original and Mini bottles,5
2024-12-01,MontiiCo Bumper for Original and Mini bottles,5
2025-01-01,MontiiCo Bumper for Original and Mini bottles,5
2025-02-01,MontiiCo Bumper for Original and Mini bottles,5
2025-03-01,MontiiCo Bumper for Original and Mini bottles,5
2025-04-01,MontiiCo Bumper for Original and Mini bottles,5
2025-05-01,MontiiCo Bumper for Original and Mini bottles,5
2025-06-01,MontiiCo Bumper for Original and Mini bottles,5
2025-07-01,MontiiCo Bumper for Original and Mini bottles,5
2025-12-01,Montiico Large insulated Lunch bag,15
2026-01-01,Montiico Large insulated Lunch bag,7
2026-02-01,Montiico Large insulated Lunch bag,10
2026-03-01,Montiico Large insulated Lunch bag,2
2026-04-01,Montiico Large insulated Lunch bag,7
2026-05-01,Montiico Large insulated Lunch bag,2
2026-06-01,Montiico Large insulated Lunch bag,4
2026-07-01,Montiico Large insulated Lunch bag,4
2026-08-01,Montiico Large insulated Lunch bag,14
2026-09-01,Montiico Large insulated Lunch bag,15
2026-10-01,Montiico Large insulated Lunch bag,9
2026-11-01,Montiico Large insulated Lunch bag,5
2026-01-01,Yumbox Panino 4 Compartments (Medium),12
2026-02-01,Yumbox Panino 4 Compartments (Medium),4
2026-03-01,Yumbox Panino 4 Compartments (Medium),3
2026-04-01,Yumbox Panino 4 Compartments (Medium),12
2026-05-01,Yumbox Panino 4 Compartments (Medium),15
2026-06-01,Yumbox Panino 4 Compartments (Medium),7
2026-07-01,Yumbox Panino 4 Compartments (Medium),4
2026-08-01,Yumbox Panino 4 Compartments (Medium),10
2026-09-01,Yumbox Panino 4 Compartments (Medium),19
2026-10-01,Yumbox Panino 4 Compartments (Medium),8
2026-11-01,Yumbox Panino 4 Compartments (Medium),2
2026-12-01,Yumbox Panino 4 Compartments (Medium),9
2026-01-01,OmieTote,15
2026-02-01,OmieTote,0
2026-03-01,OmieTote,0
2026-04-01,OmieTote,0
2026-05-01,OmieTote,7
2026-06-01,OmieTote,0
2026-07-01,OmieTote,6
2026-08-01,OmieTote,20
2026-09-01,OmieTote,3
2026-10-01,OmieTote,2
2026-11-01,OmieTote,3
2026-12-01,OmieTote,8
2026-01-01,OmieBottle,12
2026-02-01,OmieBottle,13
2026-03-01,OmieBottle,13
2026-04-01,OmieBottle,13
2026-05-01,OmieBottle,13
2026-06-01,OmieBottle,13
2026-07-01,OmieBottle,13
2026-08-01,OmieBottle,13
2026-09-01,OmieBottle,13
2026-10-01,OmieBottle,13
2026-11-01,OmieBottle,13
2026-12-01,OmieBottle,13
2026-01-01,Omiebox divider,7
2026-02-01,Omiebox divider,4
2026-03-01,Omiebox divider,5
2026-04-01,Omiebox divider,4
2026-05-01,Omiebox divider,1
2026-06-01,Omiebox divider,1
2026-07-01,Omiebox divider,3
2026-08-01,Omiebox divider,19
2026-09-01,Omiebox divider,15
2026-10-01,Omiebox divider,6
2026-11-01,Omiebox divider,7
2026-12-01,Omiebox divider,11
2026-01-01,Unknown,12
2026-02-01,Unknown,13
2026-03-01,Unknown,9
2026-04-01,Unknown,9
2026-05-01,Unknown,11
2026-06-01,Unknown,10
2026-07-01,Unknown,11
2026-08-01,Unknown,13
2026-09-01,Unknown,15
2026-10-01,Unknown,11
2026-11-01,Unknown,15
2026-12-01,Unknown,9
2024-05-01,MontiiCo Original Bottle 600ml,10
2024-06-01,MontiiCo Original Bottle 600ml,10
2024-07-01,MontiiCo Original Bottle 600ml,10
2024-08-01,MontiiCo Original Bottle 600ml,10
2024-09-01,MontiiCo Original Bottle 600ml,10
2024-10-01,MontiiCo Original Bottle 600ml,10
2024-11-01,MontiiCo Original Bottle 600ml,10
2024-12-01,MontiiCo Original Bottle 600ml,10
2025-01-01,MontiiCo Original Bottle 600ml,10
2025-02-01,MontiiCo Original Bottle 600ml,10
2025-03-01,MontiiCo Original Bottle 600ml,10
2025-04-01,MontiiCo Original Bottle 600ml,10
2026-01-01,Yumbox Zuppa (spoon included),8
2026-02-01,Yumbox Zuppa (spoon included),5
2026-03-01,Yumbox Zuppa (spoon included),8
2026-04-01,Yumbox Zuppa (spoon included),3
2026-05-01,Yumbox Zuppa (spoon included),5
2026-06-01,Yumbox Zuppa (spoon included),3
2026-07-01,Yumbox Zuppa (spoon included),12
2026-08-01,Yumbox Zuppa (spoon included),6
2026-09-01,Yumbox Zuppa (spoon included),14
2026-10-01,Yumbox Zuppa (spoon included),12
2026-11-01,Yumbox Zuppa (spoon included),4
2026-12-01,Yumbox Zuppa (spoon included),4
2025-11-01,Yumbox Original 6 Compartments (Medium),1
2025-12-01,Yumbox Original 6 Compartments (Medium),4
2026-01-01,Yumbox Original 6 Compartments (Medium),15
2026-02-01,Yumbox Original 6 Compartments (Medium),3
2026-03-01,Yumbox Original 6 Compartments (Medium),9
2026-04-01,Yumbox Original 6 Compartments (Medium),10
2026-05-01,Yumbox Original 6 Compartments (Medium),4
2026-06-01,Yumbox Original 6 Compartments (Medium),2
2026-07-01,Yumbox Original 6 Compartments (Medium),2
2026-08-01,Yumbox Original 6 Compartments (Medium),6
2026-09-01,Yumbox Original 6 Compartments (Medium),14
2026-10-01,Yumbox Original 6 Compartments (Medium),5
2026-01-01,Stix (Set of 4),2
2026-02-01,Stix (Set of 4),6
2026-03-01,Stix (Set of 4),12
2026-04-01,Stix (Set of 4),1
2026-05-01,Stix (Set of 4),7
2026-06-01,Stix (Set of 4),1
2026-07-01,Stix (Set of 4),1
2026-08-01,Stix (Set of 4),4
2026-09-01,Stix (Set of 4),7
2026-10-01,Stix (Set of 4),5
2026-11-01,Stix (Set of 4),4
2026-12-01,Stix (Set of 4),6
2026-01-01,OmiePod UP,17
2026-02-01,OmiePod UP,16
2026-03-01,OmiePod UP,14
2026-04-01,OmiePod UP,13
2026-05-01,OmiePod UP,11
2026-06-01,OmiePod UP,10
2026-07-01,OmiePod UP,8
2026-08-01,OmiePod UP,7
2026-09-01,OmiePod UP,5
2026-10-01,OmiePod UP,4
2026-11-01,OmiePod UP,3
2026-12-01,OmiePod UP,1
2025-10-01,Omiebox Bentobox Green Meadow,10
2025-11-01,Omiebox Bentobox Green Meadow,5
2025-12-01,Omiebox Bentobox Green Meadow,13
2026-01-01,Omiebox Bentobox Green Meadow,12
2026-02-01,Omiebox Bentobox Green Meadow,5
2026-03-01,Omiebox Bentobox Green Meadow,9
2026-04-01,Omiebox Bentobox Green Meadow,7
2026-05-01,Omiebox Bentobox Green Meadow,5
2026-06-01,Omiebox Bentobox Green Meadow,5
2026-07-01,Omiebox Bentobox Green Meadow,6
2026-08-01,Omiebox Bentobox Green Meadow,12
2026-09-01,Omiebox Bentobox Green Meadow,8
2026-01-01,Silicone Cups (Set of 3),0
2026-02-01,Silicone Cups (Set of 3),4
2026-03-01,Silicone Cups (Set of 3),7
2026-04-01,Silicone Cups (Set of 3),0
2026-05-01,Silicone Cups (Set of 3),1
2026-06-01,Silicone Cups (Set of 3),1
2026-07-01,Silicone Cups (Set of 3),4
2026-08-01,Silicone Cups (Set of 3),6
2026-09-01,Silicone Cups (Set of 3),2
2026-10-01,Silicone Cups (Set of 3),20
2026-11-01,Silicone Cups (Set of 3),3
2026-12-01,Silicone Cups (Set of 3),0
2025-12-01,Yumbox Tapas 4 Compartments (Large),3
2026-01-01,Yumbox Tapas 4 Compartments (Large),9
2026-02-01,Yumbox Tapas 4 Compartments (Large),11
2026-03-01,Yumbox Tapas 4 Compartments (Large),3
2026-04-01,Yumbox Tapas 4 Compartments (Large),7
2026-05-01,Yumbox Tapas 4 Compartments (Large),8
2026-06-01,Yumbox Tapas 4 Compartments (Large),3
2026-07-01,Yumbox Tapas 4 Compartments (Large),3
2026-08-01,Yumbox Tapas 4 Compartments (Large),5
2026-09-01,Yumbox Tapas 4 Compartments (Large),14
2026-10-01,Yumbox Tapas 4 Compartments (Large),8
2026-11-01,Yumbox Tapas 4 Compartments (Large),3
2026-01-01,Montiico Backpack,10
2026-02-01,Montiico Backpack,7
2026-03-01,Montiico Backpack,13
2026-04-01,Montiico Backpack,8
2026-05-01,Montiico Backpack,7
2026-06-01,Montiico Backpack,2
2026-07-01,Montiico Backpack,5
2026-08-01,Montiico Backpack,3
2026-09-01,Montiico Backpack,5
2026-10-01,Montiico Backpack,4
2026-11-01,Montiico Backpack,1
2026-12-01,Montiico Backpack,4
2025-12-01,Yumbox Snack,5
2026-01-01,Yumbox Snack,6
2026-02-01,Yumbox Snack,7
2026-03-01,Yumbox Snack,6
2026-04-01,Yumbox Snack,24
2026-05-01,Yumbox Snack,4
2026-06-01,Yumbox Snack,4
2026-07-01,Yumbox Snack,6
2026-08-01,Yumbox Snack,10
2026-09-01,Yumbox Snack,10
2026-10-01,Yumbox Snack,9
2026-11-01,Yumbox Snack,5
2025-12-01,Bento Three (Medium),0
2026-01-01,Bento Three (Medium),1
2026-02-01,Bento Three (Medium),5
2026-03-01,Bento Three (Medium),11
2026-04-01,Bento Three (Medium),3
2026-05-01,Bento Three (Medium),14
2026-06-01,Bento Three (Medium),8
2026-07-01,Bento Three (Medium),0
2026-08-01,Bento Three (Medium),3
2026-09-01,Bento Three (Medium),6
2026-10-01,Bento Three (Medium),3
2026-11-01,Bento Three (Medium),0
2025-09-01,Yumbox Presto,9
2025-10-01,Yumbox Presto,9
2025-11-01,Yumbox Presto,9
2025-12-01,Yumbox Presto,9
2026-01-01,Yumbox Presto,9
2026-02-01,Yumbox Presto,9
2026-03-01,Yumbox Presto,9
2026-04-01,Yumbox Presto,9
2026-05-01,Yumbox Presto,9
2026-06-01,Yumbox Presto,9
2026-07-01,Yumbox Presto,9
2026-08-01,Yumbox Presto,9
2026-01-01,MontiiCo 350ml Water Bottle,5
2026-02-01,MontiiCo 350ml Water Bottle,2
2026-03-01,MontiiCo 350ml Water Bottle,3
2026-04-01,MontiiCo 350ml Water Bottle,16
2026-05-01,MontiiCo 350ml Water Bottle,9
2026-06-01,MontiiCo 350ml Water Bottle,5
2026-07-01,MontiiCo 350ml Water Bottle,8
2026-08-01,MontiiCo 350ml Water Bottle,8
2026-09-01,MontiiCo 350ml Water Bottle,7
2026-10-01,MontiiCo 350ml Water Bottle,4
2026-11-01,MontiiCo 350ml Water Bottle,3
2026-12-01,MontiiCo 350ml Water Bottle,2
2025-12-01,OmieBox UP,13
2026-01-01,OmieBox UP,14
2026-02-01,OmieBox UP,15
2026-03-01,OmieBox UP,15
2026-04-01,OmieBox UP,16
2026-05-01,OmieBox UP,16
2026-06-01,OmieBox UP,17
2026-07-01,OmieBox UP,17
2026-08-01,OmieBox UP,18
2026-09-01,OmieBox UP,19
2026-10-01,OmieBox UP,19
2026-11-01,OmieBox UP,20
2025-11-01,Stix (Set of 7),4
2025-12-01,Stix (Set of 7),3
2026-01-01,Stix (Set of 7),3
2026-02-01,Stix (Set of 7),3
2026-03-01,Stix (Set of 7),3
2026-04-01,Stix (Set of 7),3
2026-05-01,Stix (Set of 7),3
2026-06-01,Stix (Set of 7),3
2026-07-01,Stix (Set of 7),3
2026-08-01,Stix (Set of 7),3
2026-09-01,Stix (Set of 7),3
2026-10-01,Stix (Set of 7),3
2025-10-01,Bento Three + (Large),6
2025-11-01,Bento Three + (Large),6
2025-12-01,Bento Three + (Large),6
2026-01-01,Bento Three + (Large),6
2026-02-01,Bento Three + (Large),6
2026-03-01,Bento Three + (Large),6
2026-04-01,Bento Three + (Large),6
2026-05-01,Bento Three + (Large),6
2026-06-01,Bento Three + (Large),6
2026-07-01,Bento Three + (Large),6
2026-08-01,Bento Three + (Large),6
2026-09-01,Bento Three + (Large),6
2024-08-01,ThermoFlask Water Bottle,5
2024-09-01,ThermoFlask Water Bottle,12
2024-10-01,ThermoFlask Water Bottle,2
2024-11-01,ThermoFlask Water Bottle,0
2024-12-01,ThermoFlask Water Bottle,0
2025-01-01,ThermoFlask Water Bottle,0
2025-02-01,ThermoFlask Water Bottle,0
2025-03-01,ThermoFlask Water Bottle,0
2025-04-01,ThermoFlask Water Bottle,4
2025-05-01,ThermoFlask Water Bottle,8
2025-06-01,ThermoFlask Water Bottle,8
2025-07-01,ThermoFlask Water Bottle,4
2025-10-01,Omiebox Bentobox Yellow Sunshine,8
2025-11-01,Omiebox Bentobox Yellow Sunshine,3
2025-12-01,Omiebox Bentobox Yellow Sunshine,3
2026-01-01,Omiebox Bentobox Yellow Sunshine,5
2026-02-01,Omiebox Bentobox Yellow Sunshine,9
2026-03-01,Omiebox Bentobox Yellow Sunshine,3
2026-04-01,Omiebox Bentobox Yellow Sunshine,7
2026-05-01,Omiebox Bentobox Yellow Sunshine,5
2026-06-01,Omiebox Bentobox Yellow Sunshine,3
2026-07-01,Omiebox Bentobox Yellow Sunshine,4
2026-08-01,Omiebox Bentobox Yellow Sunshine,5
2026-09-01,Omiebox Bentobox Yellow Sunshine,7
2025-11-01,MontiiCo Drink Bottle Lid (Old Design),2
2025-12-01,MontiiCo Drink Bottle Lid (Old Design),3
2026-01-01,MontiiCo Drink Bottle Lid (Old Design),0
2026-02-01,MontiiCo Drink Bottle Lid (Old Design),1
2026-03-01,MontiiCo Drink Bottle Lid (Old Design),0
2026-04-01,MontiiCo Drink Bottle Lid (Old Design),3
2026-05-01,MontiiCo Drink Bottle Lid (Old Design),5
2026-06-01,MontiiCo Drink Bottle Lid (Old Design),9
2026-07-01,MontiiCo Drink Bottle Lid (Old Design),5
2026-08-01,MontiiCo Drink Bottle Lid (Old Design),4
2026-09-01,MontiiCo Drink Bottle Lid (Old Design),4
2026-10-01,MontiiCo Drink Bottle Lid (Old Design),1
2026-01-01,Mini Fork and Spoon (Set of 6),2
2026-02-01,Mini Fork and Spoon (Set of 6),3
2026-03-01,Mini Fork and Spoon (Set of 6),0
2026-04-01,Mini Fork and Spoon (Set of 6),0
2026-05-01,Mini Fork and Spoon (Set of 6),1
2026-06-01,Mini Fork and Spoon (Set of 6),3
2026-07-01,Mini Fork and Spoon (Set of 6),1
2026-08-01,Mini Fork and Spoon (Set of 6),0
2026-09-01,Mini Fork and Spoon (Set of 6),5
2026-10-01,Mini Fork and Spoon (Set of 6),6
2026-11-01,Mini Fork and Spoon (Set of 6),0
2026-12-01,Mini Fork and Spoon (Set of 6),10
2026-01-01,Silicone Cups,7
2026-02-01,Silicone Cups,7
2026-03-01,Silicone Cups,7
2026-04-01,Silicone Cups,7
2026-05-01,Silicone Cups,7
2026-06-01,Silicone Cups,7
2026-07-01,Silicone Cups,7
2026-08-01,Silicone Cups,7
2026-09-01,Silicone Cups,7
2026-10-01,Silicone Cups,7
2026-11-01,Silicone Cups,7
2026-12-01,Silicone Cups,7
2026-01-01,Omiebox Lid Seal,6
2026-02-01,Omiebox Lid Seal,7
2026-03-01,Omiebox Lid Seal,7
2026-04-01,Omiebox Lid Seal,7
2026-05-01,Omiebox Lid Seal,7
2026-06-01,Omiebox Lid Seal,7
2026-07-01,Omiebox Lid Seal,7
2026-08-01,Omiebox Lid Seal,7
2026-09-01,Omiebox Lid Seal,7
2026-10-01,Omiebox Lid Seal,7
2026-11-01,Omiebox Lid Seal,7
2026-12-01,Omiebox Lid Seal,7
2026-01-01,Lunch Punch Set of 2 Sandwich Cutters,6
2026-02-01,Lunch Punch Set of 2 Sandwich Cutters,6
2026-03-01,Lunch Punch Set of 2 Sandwich Cutters,6
2026-04-01,Lunch Punch Set of 2 Sandwich Cutters,6
2026-05-01,Lunch Punch Set of 2 Sandwich Cutters,6
2026-06-01,Lunch Punch Set of 2 Sandwich Cutters,6
2026-07-01,Lunch Punch Set of 2 Sandwich Cutters,6
2026-08-01,Lunch Punch Set of 2 Sandwich Cutters,6
2026-09-01,Lunch Punch Set of 2 Sandwich Cutters,6
2026-10-01,Lunch Punch Set of 2 Sandwich Cutters,6
2026-11-01,Lunch Punch Set of 2 Sandwich Cutters,6
2026-12-01,Lunch Punch Set of 2 Sandwich Cutters,6
2025-11-01,Silicone Wrap Bands (Set of 5),7
2025-12-01,Silicone Wrap Bands (Set of 5),1
2026-01-01,Silicone Wrap Bands (Set of 5),2
2026-02-01,Silicone Wrap Bands (Set of 5),5
2026-03-01,Silicone Wrap Bands (Set of 5),0
2026-04-01,Silicone Wrap Bands (Set of 5),1
2026-05-01,Silicone Wrap Bands (Set of 5),1
2026-06-01,Silicone Wrap Bands (Set of 5),1
2026-07-01,Silicone Wrap Bands (Set of 5),0
2026-08-01,Silicone Wrap Bands (Set of 5),5
2026-09-01,Silicone Wrap Bands (Set of 5),7
2026-10-01,Silicone Wrap Bands (Set of 5),3
2025-11-01,MontiiCo Drink Bottle Lid- Free Pour (Original Design),1
2025-12-01,MontiiCo Drink Bottle Lid- Free Pour (Original Design),1
2026-01-01,MontiiCo Drink Bottle Lid- Free Pour (Original Design),5
2026-02-01,MontiiCo Drink Bottle Lid- Free Pour (Original Design),2
2026-03-01,MontiiCo Drink Bottle Lid- Free Pour (Original Design),2
2026-04-01,MontiiCo Drink Bottle Lid- Free Pour (Original Design),6
2026-05-01,MontiiCo Drink Bottle Lid- Free Pour (Original Design),3
2026-06-01,MontiiCo Drink Bottle Lid- Free Pour (Original Design),1
2026-07-01,MontiiCo Drink Bottle Lid- Free Pour (Original Design),1
2026-08-01,MontiiCo Drink Bottle Lid- Free Pour (Original Design),5
2026-09-01,MontiiCo Drink Bottle Lid- Free Pour (Original Design),1
2026-10-01,MontiiCo Drink Bottle Lid- Free Pour (Original Design),2
2025-09-01,MontiiCo Mini Smoothie Cup 275ml,12
2025-10-01,MontiiCo Mini Smoothie Cup 275ml,11
2025-11-01,MontiiCo Mini Smoothie Cup 275ml,5
2025-12-01,MontiiCo Mini Smoothie Cup 275ml,4
2026-01-01,MontiiCo Mini Smoothie Cup 275ml,6
2026-02-01,MontiiCo Mini Smoothie Cup 275ml,8
2026-03-01,MontiiCo Mini Smoothie Cup 275ml,2
2026-04-01,MontiiCo Mini Smoothie Cup 275ml,6
2026-05-01,MontiiCo Mini Smoothie Cup 275ml,2
2026-06-01,MontiiCo Mini Smoothie Cup 275ml,3
2026-07-01,MontiiCo Mini Smoothie Cup 275ml,3
2026-08-01,MontiiCo Mini Smoothie Cup 275ml,2
2025-10-01,Omiebox Bentobox Scooter Red,5
2025-11-01,Omiebox Bentobox Scooter Red,3
2025-12-01,Omiebox Bentobox Scooter Red,4
2026-01-01,Omiebox Bentobox Scooter Red,8
2026-02-01,Omiebox Bentobox Scooter Red,4
2026-03-01,Omiebox Bentobox Scooter Red,2
2026-04-01,Omiebox Bentobox Scooter Red,3
2026-05-01,Omiebox Bentobox Scooter Red,3
2026-06-01,Omiebox Bentobox Scooter Red,1
2026-07-01,Omiebox Bentobox Scooter Red,2
2026-08-01,Omiebox Bentobox Scooter Red,3
2026-09-01,Omiebox Bentobox Scooter Red,4
2024-09-01,Bento Two (Small),13
2024-10-01,Bento Two (Small),14
2024-11-01,Bento Two (Small),14
2024-12-01,Bento Two (Small),15
2025-01-01,Bento Two (Small),16
2025-02-01,Bento Two (Small),17
2025-03-01,Bento Two (Small),18
2025-04-01,Bento Two (Small),19
2025-05-01,Bento Two (Small),19
2025-06-01,Bento Two (Small),20
2025-07-01,Bento Two (Small),21
2025-08-01,Bento Two (Small),22
2025-11-01,MontiiCo Out and About Cutlery Set of 8,3
2025-12-01,MontiiCo Out and About Cutlery Set of 8,3
2026-01-01,MontiiCo Out and About Cutlery Set of 8,3
2026-02-01,MontiiCo Out and About Cutlery Set of 8,3
2026-03-01,MontiiCo Out and About Cutlery Set of 8,3
2026-04-01,MontiiCo Out and About Cutlery Set of 8,3
2026-05-01,MontiiCo Out and About Cutlery Set of 8,3
2026-06-01,MontiiCo Out and About Cutlery Set of 8,3
2026-07-01,MontiiCo Out and About Cutlery Set of 8,3
2026-08-01,MontiiCo Out and About Cutlery Set of 8,3
2026-09-01,MontiiCo Out and About Cutlery Set of 8,3
2026-10-01,MontiiCo Out and About Cutlery Set of 8,3
2025-12-01,Sticker Set,1
2026-01-01,Sticker Set,1
2026-02-01,Sticker Set,1
2026-03-01,Sticker Set,1
2026-04-01,Sticker Set,1
2026-05-01,Sticker Set,1
2026-06-01,Sticker Set,1
2026-07-01,Sticker Set,1
2026-08-01,Sticker Set,1
2026-09-01,Sticker Set,1
2026-10-01,Sticker Set,1
2026-11-01,Sticker Set,1
2026-01-01,Montiico insulated medium lunch bag,3
2026-02-01,Montiico insulated medium lunch bag,3
2026-03-01,Montiico insulated medium lunch bag,3
2026-04-01,Montiico insulated medium lunch bag,3
2026-05-01,Montiico insulated medium lunch bag,3
2026-06-01,Montiico insulated medium lunch bag,3
2026-07-01,Montiico insulated medium lunch bag,3
2026-08-01,Montiico insulated medium lunch bag,3
2026-09-01,Montiico insulated medium lunch bag,3
2026-10-01,Montiico insulated medium lunch bag,3
2026-11-01,Montiico insulated medium lunch bag,3
2026-12-01,Montiico insulated medium lunch bag,3
2024-05-01,MontiiCo Mini Bottle 350ml,0
2024-06-01,MontiiCo Mini Bottle 350ml,0
2024-07-01,MontiiCo Mini Bottle 350ml,0
2024-08-01,MontiiCo Mini Bottle 350ml,0
2024-09-01,MontiiCo Mini Bottle 350ml,0
2024-10-01,MontiiCo Mini Bottle 350ml,0
2024-11-01,MontiiCo Mini Bottle 350ml,0
2024-12-01,MontiiCo Mini Bottle 350ml,0
2025-01-01,MontiiCo Mini Bottle 350ml,0
2025-02-01,MontiiCo Mini Bottle 350ml,0
2025-03-01,MontiiCo Mini Bottle 350ml,0
2025-04-01,MontiiCo Mini Bottle 350ml,0
2026-01-01,Bento Five (Medium),1
2026-02-01,Bento Five (Medium),3
2026-03-01,Bento Five (Medium),2
2026-04-01,Bento Five (Medium),2
2026-05-01,Bento Five (Medium),4
2026-06-01,Bento Five (Medium),1
2026-07-01,Bento Five (Medium),1
2026-08-01,Bento Five (Medium),3
2026-09-01,Bento Five (Medium),4
2026-10-01,Bento Five (Medium),4
2026-11-01,Bento Five (Medium),6
2026-12-01,Bento Five (Medium),1
2025-10-01,MontiiCo Original Smoothie Cup 450ml,8
2025-11-01,MontiiCo Original Smoothie Cup 450ml,8
2025-12-01,MontiiCo Original Smoothie Cup 450ml,8
2026-01-01,MontiiCo Original Smoothie Cup 450ml,9
2026-02-01,MontiiCo Original Smoothie Cup 450ml,9
2026-03-01,MontiiCo Original Smoothie Cup 450ml,9
2026-04-01,MontiiCo Original Smoothie Cup 450ml,10
2026-05-01,MontiiCo Original Smoothie Cup 450ml,10
2026-06-01,MontiiCo Original Smoothie Cup 450ml,10
2026-07-01,MontiiCo Original Smoothie Cup 450ml,11
2026-08-01,MontiiCo Original Smoothie Cup 450ml,11
2026-09-01,MontiiCo Original Smoothie Cup 450ml,11
2025-09-01,Multicolor Mini Silicone Cubes Set of 8,12
2025-10-01,Multicolor Mini Silicone Cubes Set of 8,12
2025-11-01,Multicolor Mini Silicone Cubes Set of 8,13
2025-12-01,Multicolor Mini Silicone Cubes Set of 8,13
2026-01-01,Multicolor Mini Silicone Cubes Set of 8,14
2026-02-01,Multicolor Mini Silicone Cubes Set of 8,14
2026-03-01,Multicolor Mini Silicone Cubes Set of 8,15
2026-04-01,Multicolor Mini Silicone Cubes Set of 8,15
2026-05-01,Multicolor Mini Silicone Cubes Set of 8,16
2026-06-01,Multicolor Mini Silicone Cubes Set of 8,16
2026-07-01,Multicolor Mini Silicone Cubes Set of 8,17
2026-08-01,Multicolor Mini Silicone Cubes Set of 8,17
2025-09-01,Yumbox Sandwich Paper Wrap,2
2025-10-01,Yumbox Sandwich Paper Wrap,2
2025-11-01,Yumbox Sandwich Paper Wrap,2
2025-12-01,Yumbox Sandwich Paper Wrap,2
2026-01-01,Yumbox Sandwich Paper Wrap,2
2026-02-01,Yumbox Sandwich Paper Wrap,2
2026-03-01,Yumbox Sandwich Paper Wrap,2
2026-04-01,Yumbox Sandwich Paper Wrap,2
2026-05-01,Yumbox Sandwich Paper Wrap,2
2026-06-01,Yumbox Sandwich Paper Wrap,2
2026-07-01,Yumbox Sandwich Paper Wrap,2
2026-08-01,Yumbox Sandwich Paper Wrap,2
2025-12-01,OmieChill,2
2026-01-01,OmieChill,2
2026-02-01,OmieChill,2
2026-03-01,OmieChill,2
2026-04-01,OmieChill,2
2026-05-01,OmieChill,2
2026-06-01,OmieChill,2
2026-07-01,OmieChill,2
2026-08-01,OmieChill,2
2026-09-01,OmieChill,2
2026-10-01,OmieChill,2
2026-11-01,OmieChill,2
2023-10-01,MontiiCo Insulated Food Jar,6
2023-11-01,MontiiCo Insulated Food Jar,6
2023-12-01,MontiiCo Insulated Food Jar,6
2024-01-01,MontiiCo Insulated Food Jar,6
2024-02-01,MontiiCo Insulated Food Jar,6
2024-03-01,MontiiCo Insulated Food Jar,6
2024-04-01,MontiiCo Insulated Food Jar,6
2024-05-01,MontiiCo Insulated Food Jar,6
2024-06-01,MontiiCo Insulated Food Jar,6
2024-07-01,MontiiCo Insulated Food Jar,6
2024-08-01,MontiiCo Insulated Food Jar,6
2024-09-01,MontiiCo Insulated Food Jar,6
2026-01-01,OmiePod Refill,2
2026-02-01,OmiePod Refill,2
2026-03-01,OmiePod Refill,2
2026-04-01,OmiePod Refill,2
2026-05-01,OmiePod Refill,2
2026-06-01,OmiePod Refill,2
2026-07-01,OmiePod Refill,2
2026-08-01,OmiePod Refill,2
2026-09-01,OmiePod Refill,2
2026-10-01,OmiePod Refill,2
2026-11-01,OmiePod Refill,2
2026-12-01,OmiePod Refill,2
2025-09-01,Funny Monsters Silicone Condiment Squeeze,2
2025-10-01,Funny Monsters Silicone Condiment Squeeze,2
2025-11-01,Funny Monsters Silicone Condiment Squeeze,2
2025-12-01,Funny Monsters Silicone Condiment Squeeze,2
2026-01-01,Funny Monsters Silicone Condiment Squeeze,2
2026-02-01,Funny Monsters Silicone Condiment Squeeze,2
2026-03-01,Funny Monsters Silicone Condiment Squeeze,2
2026-04-01,Funny Monsters Silicone Condiment Squeeze,2
2026-05-01,Funny Monsters Silicone Condiment Squeeze,2
2026-06-01,Funny Monsters Silicone Condiment Squeeze,2
2026-07-01,Funny Monsters Silicone Condiment Squeeze,2
2026-08-01,Funny Monsters Silicone Condiment Squeeze,2
2026-01-01,Omiebox Thermos Lid,1
2026-02-01,Omiebox Thermos Lid,2
2026-03-01,Omiebox Thermos Lid,4
2026-04-01,Omiebox Thermos Lid,3
2026-05-01,Omiebox Thermos Lid,4
2026-06-01,Omiebox Thermos Lid,2
2026-07-01,Omiebox Thermos Lid,1
2026-08-01,Omiebox Thermos Lid,3
2026-09-01,Omiebox Thermos Lid,2
2026-10-01,Omiebox Thermos Lid,4
2026-11-01,Omiebox Thermos Lid,2
2026-12-01,Omiebox Thermos Lid,2
2025-08-01,REUSABLE SANDWICH BAG - SET OF 2,2
2025-09-01,REUSABLE SANDWICH BAG - SET OF 2,1
2025-10-01,REUSABLE SANDWICH BAG - SET OF 2,1
2025-11-01,REUSABLE SANDWICH BAG - SET OF 2,1
2025-12-01,REUSABLE SANDWICH BAG - SET OF 2,1
2026-01-01,REUSABLE SANDWICH BAG - SET OF 2,0
2026-02-01,REUSABLE SANDWICH BAG - SET OF 2,0
2026-03-01,REUSABLE SANDWICH BAG - SET OF 2,0
2026-04-01,REUSABLE SANDWICH BAG - SET OF 2,0
2026-05-01,REUSABLE SANDWICH BAG - SET OF 2,0
2026-06-01,REUSABLE SANDWICH BAG - SET OF 2,0
2026-07-01,REUSABLE SANDWICH BAG - SET OF 2,0
2025-09-01,Mini Wellness Juice Bottles - Set of 6,3
2025-10-01,Mini Wellness Juice Bottles - Set of 6,3
2025-11-01,Mini Wellness Juice Bottles - Set of 6,3
2025-12-01,Mini Wellness Juice Bottles - Set of 6,3
2026-01-01,Mini Wellness Juice Bottles - Set of 6,3
2026-02-01,Mini Wellness Juice Bottles - Set of 6,3
2026-03-01,Mini Wellness Juice Bottles - Set of 6,3
2026-04-01,Mini Wellness Juice Bottles - Set of 6,3
2026-05-01,Mini Wellness Juice Bottles - Set of 6,3
2026-06-01,Mini Wellness Juice Bottles - Set of 6,3
2026-07-01,Mini Wellness Juice Bottles - Set of 6,3
2026-08-01,Mini Wellness Juice Bottles - Set of 6,3
2024-10-01,Bento Two - Prints (Small),12
2024-11-01,Bento Two - Prints (Small),13
2024-12-01,Bento Two - Prints (Small),14
2025-01-01,Bento Two - Prints (Small),15
2025-02-01,Bento Two - Prints (Small),16
2025-03-01,Bento Two - Prints (Small),17
2025-04-01,Bento Two - Prints (Small),19
2025-05-01,Bento Two - Prints (Small),20
2025-06-01,Bento Two - Prints (Small),21
2025-07-01,Bento Two - Prints (Small),22
2025-08-01,Bento Two - Prints (Small),23
2025-09-01,Bento Two - Prints (Small),24
2025-11-01,Reusable Food Storage Bags,2
2025-12-01,Reusable Food Storage Bags,2
2026-01-01,Reusable Food Storage Bags,2
2026-02-01,Reusable Food Storage Bags,2
2026-03-01,Reusable Food Storage Bags,2
2026-04-01,Reusable Food Storage Bags,2
2026-05-01,Reusable Food Storage Bags,2
2026-06-01,Reusable Food Storage Bags,2
2026-07-01,Reusable Food Storage Bags,2
2026-08-01,Reusable Food Storage Bags,2
2026-09-01,Reusable Food Storage Bags,2
2026-10-01,Reusable Food Storage Bags,2
2026-01-01,Laser Engraving,5
2026-02-01,Laser Engraving,5
2026-03-01,Laser Engraving,5
2026-04-01,Laser Engraving,5
2026-05-01,Laser Engraving,6
2026-06-01,Laser Engraving,6
2026-07-01,Laser Engraving,6
2026-08-01,Laser Engraving,6
2026-09-01,Laser Engraving,6
2026-10-01,Laser Engraving,6
2026-11-01,Laser Engraving,6
2026-12-01,Laser Engraving,6
2026-01-01,Reusable Sandwich Bags,2
2026-02-01,Reusable Sandwich Bags,2
2026-03-01,Reusable Sandwich Bags,2
2026-04-01,Reusable Sandwich Bags,2
2026-05-01,Reusable Sandwich Bags,2
2026-06-01,Reusable Sandwich Bags,2
2026-07-01,Reusable Sandwich Bags,2
2026-08-01,Reusable Sandwich Bags,2
2026-09-01,Reusable Sandwich Bags,2
2026-10-01,Reusable Sandwich Bags,2
2026-11-01,Reusable Sandwich Bags,2
2026-12-01,Reusable Sandwich Bags,2
2025-10-01,MontiiCo Mega Bumpers (Original Design),2
2025-11-01,MontiiCo Mega Bumpers (Original Design),2
2025-12-01,MontiiCo Mega Bumpers (Original Design),2
2026-01-01,MontiiCo Mega Bumpers (Original Design),2
2026-02-01,MontiiCo Mega Bumpers (Original Design),2
2026-03-01,MontiiCo Mega Bumpers (Original Design),2
2026-04-01,MontiiCo Mega Bumpers (Original Design),2
2026-05-01,MontiiCo Mega Bumpers (Original Design),2
2026-06-01,MontiiCo Mega Bumpers (Original Design),2
2026-07-01,MontiiCo Mega Bumpers (Original Design),2
2026-08-01,MontiiCo Mega Bumpers (Original Design),2
2026-09-01,MontiiCo Mega Bumpers (Original Design),2
2025-05-01,Bento Five - Print (Medium),4
2025-06-01,Bento Five - Print (Medium),4
2025-07-01,Bento Five - Print (Medium),4
2025-08-01,Bento Five - Print (Medium),4
2025-09-01,Bento Five - Print (Medium),4
2025-10-01,Bento Five - Print (Medium),4
2025-11-01,Bento Five - Print (Medium),4
2025-12-01,Bento Five - Print (Medium),4
2026-01-01,Bento Five - Print (Medium),4
2026-02-01,Bento Five - Print (Medium),4
2026-03-01,Bento Five - Print (Medium),4
2026-04-01,Bento Five - Print (Medium),4
2025-10-01,MontiiCo Pencil Case,3
2025-11-01,MontiiCo Pencil Case,3
2025-12-01,MontiiCo Pencil Case,3
2026-01-01,MontiiCo Pencil Case,3
2026-02-01,MontiiCo Pencil Case,3
2026-03-01,MontiiCo Pencil Case,3
2026-04-01,MontiiCo Pencil Case,3
2026-05-01,MontiiCo Pencil Case,3
2026-06-01,MontiiCo Pencil Case,3
2026-07-01,MontiiCo Pencil Case,3
2026-08-01,MontiiCo Pencil Case,3
2026-09-01,MontiiCo Pencil Case,3
2025-12-01,MontiiCo Icepack 2.0 Medium,2
2026-01-01,MontiiCo Icepack 2.0 Medium,2
2026-02-01,MontiiCo Icepack 2.0 Medium,1
2026-03-01,MontiiCo Icepack 2.0 Medium,1
2026-04-01,MontiiCo Icepack 2.0 Medium,1
2026-05-01,MontiiCo Icepack 2.0 Medium,1
2026-06-01,MontiiCo Icepack 2.0 Medium,1
2026-07-01,MontiiCo Icepack 2.0 Medium,1
2026-08-01,MontiiCo Icepack 2.0 Medium,0
2026-09-01,MontiiCo Icepack 2.0 Medium,0
2026-10-01,MontiiCo Icepack 2.0 Medium,0
2026-11-01,MontiiCo Icepack 2.0 Medium,0
2024-10-01,MontiiCo Mega Drink Bottle 1L,3
2024-11-01,MontiiCo Mega Drink Bottle 1L,3
2024-12-01,MontiiCo Mega Drink Bottle 1L,3
2025-01-01,MontiiCo Mega Drink Bottle 1L,3
2025-02-01,MontiiCo Mega Drink Bottle 1L,3
2025-03-01,MontiiCo Mega Drink Bottle 1L,3
2025-04-01,MontiiCo Mega Drink Bottle 1L,3
2025-05-01,MontiiCo Mega Drink Bottle 1L,3
2025-06-01,MontiiCo Mega Drink Bottle 1L,3
2025-07-01,MontiiCo Mega Drink Bottle 1L,3
2025-08-01,MontiiCo Mega Drink Bottle 1L,3
2025-09-01,MontiiCo Mega Drink Bottle 1L,3
2026-01-01,Kids Raw Honey Baltic Amber Teething Necklace,3
2026-02-01,Kids Raw Honey Baltic Amber Teething Necklace,2
2026-03-01,Kids Raw Honey Baltic Amber Teething Necklace,1
2026-04-01,Kids Raw Honey Baltic Amber Teething Necklace,2
2026-05-01,Kids Raw Honey Baltic Amber Teething Necklace,1
2026-06-01,Kids Raw Honey Baltic Amber Teething Necklace,1
2026-07-01,Kids Raw Honey Baltic Amber Teething Necklace,2
2026-08-01,Kids Raw Honey Baltic Amber Teething Necklace,1
2026-09-01,Kids Raw Honey Baltic Amber Teething Necklace,2
2026-10-01,Kids Raw Honey Baltic Amber Teething Necklace,2
2026-11-01,Kids Raw Honey Baltic Amber Teething Necklace,2
2026-12-01,Kids Raw Honey Baltic Amber Teething Necklace,1
2026-01-01,MontiiCo Dip & Sauce Surprise Box,2
2026-02-01,MontiiCo Dip & Sauce Surprise Box,2
2026-03-01,MontiiCo Dip & Sauce Surprise Box,2
2026-04-01,MontiiCo Dip & Sauce Surprise Box,2
2026-05-01,MontiiCo Dip & Sauce Surprise Box,2
2026-06-01,MontiiCo Dip & Sauce Surprise Box,2
2026-07-01,MontiiCo Dip & Sauce Surprise Box,2
2026-08-01,MontiiCo Dip & Sauce Surprise Box,2
2026-09-01,MontiiCo Dip & Sauce Surprise Box,2
2026-10-01,MontiiCo Dip & Sauce Surprise Box,2
2026-11-01,MontiiCo Dip & Sauce Surprise Box,2
2026-12-01,MontiiCo Dip & Sauce Surprise Box,2
2024-04-01,MontiiCo Regular Coffee Cup 350ml,1
2024-05-01,MontiiCo Regular Coffee Cup 350ml,1
2024-06-01,MontiiCo Regular Coffee Cup 350ml,1
2024-07-01,MontiiCo Regular Coffee Cup 350ml,0
2024-08-01,MontiiCo Regular Coffee Cup 350ml,0
2024-09-01,MontiiCo Regular Coffee Cup 350ml,0
2024-10-01,MontiiCo Regular Coffee Cup 350ml,0
2024-11-01,MontiiCo Regular Coffee Cup 350ml,0
2024-12-01,MontiiCo Regular Coffee Cup 350ml,0
2025-01-01,MontiiCo Regular Coffee Cup 350ml,0
2025-02-01,MontiiCo Regular Coffee Cup 350ml,0
2025-03-01,MontiiCo Regular Coffee Cup 350ml,0
2025-11-01,Yumbox Sleeve Lunch Bag with Handles,2
2025-12-01,Yumbox Sleeve Lunch Bag with Handles,2
2026-01-01,Yumbox Sleeve Lunch Bag with Handles,2
2026-02-01,Yumbox Sleeve Lunch Bag with Handles,2
2026-03-01,Yumbox Sleeve Lunch Bag with Handles,2
2026-04-01,Yumbox Sleeve Lunch Bag with Handles,2
2026-05-01,Yumbox Sleeve Lunch Bag with Handles,2
2026-06-01,Yumbox Sleeve Lunch Bag with Handles,2
2026-07-01,Yumbox Sleeve Lunch Bag with Handles,2
2026-08-01,Yumbox Sleeve Lunch Bag with Handles,2
2026-09-01,Yumbox Sleeve Lunch Bag with Handles,2
2026-10-01,Yumbox Sleeve Lunch Bag with Handles,2
2025-12-01,Unicorn Silicone Condiment Squeeze Bottles,3
2026-01-01,Unicorn Silicone Condiment Squeeze Bottles,3
2026-02-01,Unicorn Silicone Condiment Squeeze Bottles,3
2026-03-01,Unicorn Silicone Condiment Squeeze Bottles,3
2026-04-01,Unicorn Silicone Condiment Squeeze Bottles,3
2026-05-01,Unicorn Silicone Condiment Squeeze Bottles,3
2026-06-01,Unicorn Silicone Condiment Squeeze Bottles,3
2026-07-01,Unicorn Silicone Condiment Squeeze Bottles,3
2026-08-01,Unicorn Silicone Condiment Squeeze Bottles,3
2026-09-01,Unicorn Silicone Condiment Squeeze Bottles,3
2026-10-01,Unicorn Silicone Condiment Squeeze Bottles,3
2026-11-01,Unicorn Silicone Condiment Squeeze Bottles,3
2026-01-01,OmieGo Bio (Set of 3),0
2026-02-01,OmieGo Bio (Set of 3),0
2026-03-01,OmieGo Bio (Set of 3),0
2026-04-01,OmieGo Bio (Set of 3),0
2026-05-01,OmieGo Bio (Set of 3),0
2026-06-01,OmieGo Bio (Set of 3),0
2026-07-01,OmieGo Bio (Set of 3),0
2026-08-01,OmieGo Bio (Set of 3),0
2026-09-01,OmieGo Bio (Set of 3),0
2026-10-01,OmieGo Bio (Set of 3),0
2026-11-01,OmieGo Bio (Set of 3),0
2026-12-01,OmieGo Bio (Set of 3),0
2025-10-01,Avanchy Bamboo Baby Plate and Spoon,2
2025-11-01,Avanchy Bamboo Baby Plate and Spoon,2
2025-12-01,Avanchy Bamboo Baby Plate and Spoon,2
2026-01-01,Avanchy Bamboo Baby Plate and Spoon,2
2026-02-01,Avanchy Bamboo Baby Plate and Spoon,2
2026-03-01,Avanchy Bamboo Baby Plate and Spoon,2
2026-04-01,Avanchy Bamboo Baby Plate and Spoon,2
2026-05-01,Avanchy Bamboo Baby Plate and Spoon,2
2026-06-01,Avanchy Bamboo Baby Plate and Spoon,2
2026-07-01,Avanchy Bamboo Baby Plate and Spoon,2
2026-08-01,Avanchy Bamboo Baby Plate and Spoon,2
2026-09-01,Avanchy Bamboo Baby Plate and Spoon,2
2025-11-01,Yumbox Classic Lunch Bag,2
2025-12-01,Yumbox Classic Lunch Bag,2
2026-01-01,Yumbox Classic Lunch Bag,2
2026-02-01,Yumbox Classic Lunch Bag,2
2026-03-01,Yumbox Classic Lunch Bag,2
2026-04-01,Yumbox Classic Lunch Bag,2
2026-05-01,Yumbox Classic Lunch Bag,2
2026-06-01,Yumbox Classic Lunch Bag,2
2026-07-01,Yumbox Classic Lunch Bag,2
2026-08-01,Yumbox Classic Lunch Bag,2
2026-09-01,Yumbox Classic Lunch Bag,2
2026-10-01,Yumbox Classic Lunch Bag,2
2024-10-01,ThermoFlask Tumbler,1
2024-11-01,ThermoFlask Tumbler,1
2024-12-01,ThermoFlask Tumbler,1
2025-01-01,ThermoFlask Tumbler,1
2025-02-01,ThermoFlask Tumbler,1
2025-03-01,ThermoFlask Tumbler,1
2025-04-01,ThermoFlask Tumbler,1
2025-05-01,ThermoFlask Tumbler,1
2025-06-01,ThermoFlask Tumbler,1
2025-07-01,ThermoFlask Tumbler,1
2025-08-01,ThermoFlask Tumbler,1
2025-09-01,ThermoFlask Tumbler,1
2024-10-01,MontiiCo Mega Coffee Cup 475ml,2
2024-11-01,MontiiCo Mega Coffee Cup 475ml,2
2024-12-01,MontiiCo Mega Coffee Cup 475ml,2
2025-01-01,MontiiCo Mega Coffee Cup 475ml,2
2025-02-01,MontiiCo Mega Coffee Cup 475ml,2
2025-03-01,MontiiCo Mega Coffee Cup 475ml,2
2025-04-01,MontiiCo Mega Coffee Cup 475ml,2
2025-05-01,MontiiCo Mega Coffee Cup 475ml,2
2025-06-01,MontiiCo Mega Coffee Cup 475ml,2
2025-07-01,MontiiCo Mega Coffee Cup 475ml,2
2025-08-01,MontiiCo Mega Coffee Cup 475ml,2
2025-09-01,MontiiCo Mega Coffee Cup 475ml,3
2023-10-01,MontiiCo Silicone Cutlery Band for Food Jar,4
2023-11-01,MontiiCo Silicone Cutlery Band for Food Jar,4
2023-12-01,MontiiCo Silicone Cutlery Band for Food Jar,4
2024-01-01,MontiiCo Silicone Cutlery Band for Food Jar,4
2024-02-01,MontiiCo Silicone Cutlery Band for Food Jar,4
2024-03-01,MontiiCo Silicone Cutlery Band for Food Jar,4
2024-04-01,MontiiCo Silicone Cutlery Band for Food Jar,4
2024-05-01,MontiiCo Silicone Cutlery Band for Food Jar,4
2024-06-01,MontiiCo Silicone Cutlery Band for Food Jar,4
2024-07-01,MontiiCo Silicone Cutlery Band for Food Jar,4
2024-08-01,MontiiCo Silicone Cutlery Band for Food Jar,4
2024-09-01,MontiiCo Silicone Cutlery Band for Food Jar,4
2025-10-01,Omiebox Thermos Container Replacement part,2
2025-11-01,Omiebox Thermos Container Replacement part,2
2025-12-01,Omiebox Thermos Container Replacement part,2
2026-01-01,Omiebox Thermos Container Replacement part,2
2026-02-01,Omiebox Thermos Container Replacement part,2
2026-03-01,Omiebox Thermos Container Replacement part,2
2026-04-01,Omiebox Thermos Container Replacement part,2
2026-05-01,Omiebox Thermos Container Replacement part,2
2026-06-01,Omiebox Thermos Container Replacement part,2
2026-07-01,Omiebox Thermos Container Replacement part,2
2026-08-01,Omiebox Thermos Container Replacement part,2
2026-09-01,Omiebox Thermos Container Replacement part,2
2025-11-01,Kids Raw Cognac Baltic Amber Teething Necklace,2
2025-12-01,Kids Raw Cognac Baltic Amber Teething Necklace,2
2026-01-01,Kids Raw Cognac Baltic Amber Teething Necklace,2
2026-02-01,Kids Raw Cognac Baltic Amber Teething Necklace,2
2026-03-01,Kids Raw Cognac Baltic Amber Teething Necklace,2
2026-04-01,Kids Raw Cognac Baltic Amber Teething Necklace,2
2026-05-01,Kids Raw Cognac Baltic Amber Teething Necklace,2
2026-06-01,Kids Raw Cognac Baltic Amber Teething Necklace,2
2026-07-01,Kids Raw Cognac Baltic Amber Teething Necklace,2
2026-08-01,Kids Raw Cognac Baltic Amber Teething Necklace,2
2026-09-01,Kids Raw Cognac Baltic Amber Teething Necklace,2
2026-10-01,Kids Raw Cognac Baltic Amber Teething Necklace,2
2025-12-01,MontiiCo Coffee Cup,2
2026-01-01,MontiiCo Coffee Cup,2
2026-02-01,MontiiCo Coffee Cup,2
2026-03-01,MontiiCo Coffee Cup,2
2026-04-01,MontiiCo Coffee Cup,2
2026-05-01,MontiiCo Coffee Cup,1
2026-06-01,MontiiCo Coffee Cup,1
2026-07-01,MontiiCo Coffee Cup,1
2026-08-01,MontiiCo Coffee Cup,1
2026-09-01,MontiiCo Coffee Cup,1
2026-10-01,MontiiCo Coffee Cup,1
2026-11-01,MontiiCo Coffee Cup,1
2025-10-01,Yumbox Mini Silicone Bento Cup - Set of 6,3
2025-11-01,Yumbox Mini Silicone Bento Cup - Set of 6,3
2025-12-01,Yumbox Mini Silicone Bento Cup - Set of 6,3
2026-01-01,Yumbox Mini Silicone Bento Cup - Set of 6,3
2026-02-01,Yumbox Mini Silicone Bento Cup - Set of 6,3
2026-03-01,Yumbox Mini Silicone Bento Cup - Set of 6,3
2026-04-01,Yumbox Mini Silicone Bento Cup - Set of 6,3
2026-05-01,Yumbox Mini Silicone Bento Cup - Set of 6,3
2026-06-01,Yumbox Mini Silicone Bento Cup - Set of 6,3
2026-07-01,Yumbox Mini Silicone Bento Cup - Set of 6,3
2026-08-01,Yumbox Mini Silicone Bento Cup - Set of 6,3
2026-09-01,Yumbox Mini Silicone Bento Cup - Set of 6,3
2026-01-01,Baby banana 2 in 1 Teether and Toothbrush,1
2026-02-01,Baby banana 2 in 1 Teether and Toothbrush,1
2026-03-01,Baby banana 2 in 1 Teether and Toothbrush,1
2026-04-01,Baby banana 2 in 1 Teether and Toothbrush,1
2026-05-01,Baby banana 2 in 1 Teether and Toothbrush,1
2026-06-01,Baby banana 2 in 1 Teether and Toothbrush,1
2026-07-01,Baby banana 2 in 1 Teether and Toothbrush,1
2026-08-01,Baby banana 2 in 1 Teether and Toothbrush,1
2026-09-01,Baby banana 2 in 1 Teether and Toothbrush,1
2026-10-01,Baby banana 2 in 1 Teether and Toothbrush,1
2026-11-01,Baby banana 2 in 1 Teether and Toothbrush,1
2026-12-01,Baby banana 2 in 1 Teether and Toothbrush,1
2026-01-01,MontiiCo 1.5L Screw Lid Bottle,3
2026-02-01,MontiiCo 1.5L Screw Lid Bottle,4
2026-03-01,MontiiCo 1.5L Screw Lid Bottle,4
2026-04-01,MontiiCo 1.5L Screw Lid Bottle,4
2026-05-01,MontiiCo 1.5L Screw Lid Bottle,5
2026-06-01,MontiiCo 1.5L Screw Lid Bottle,5
2026-07-01,MontiiCo 1.5L Screw Lid Bottle,5
2026-08-01,MontiiCo 1.5L Screw Lid Bottle,5
2026-09-01,MontiiCo 1.5L Screw Lid Bottle,6
2026-10-01,MontiiCo 1.5L Screw Lid Bottle,6
2026-11-01,MontiiCo 1.5L Screw Lid Bottle,6
2026-12-01,MontiiCo 1.5L Screw Lid Bottle,7
2024-12-01,Avanchy Bamboo Suction Bowl and Spoon,1
2025-01-01,Avanchy Bamboo Suction Bowl and Spoon,1
2025-02-01,Avanchy Bamboo Suction Bowl and Spoon,1
2025-03-01,Avanchy Bamboo Suction Bowl and Spoon,1
2025-04-01,Avanchy Bamboo Suction Bowl and Spoon,1
2025-05-01,Avanchy Bamboo Suction Bowl and Spoon,1
2025-06-01,Avanchy Bamboo Suction Bowl and Spoon,1
2025-07-01,Avanchy Bamboo Suction Bowl and Spoon,1
2025-08-01,Avanchy Bamboo Suction Bowl and Spoon,0
2025-09-01,Avanchy Bamboo Suction Bowl and Spoon,0
2025-10-01,Avanchy Bamboo Suction Bowl and Spoon,0
2025-11-01,Avanchy Bamboo Suction Bowl and Spoon,0
2025-12-01,Omiebox Securing Insert,1
2026-01-01,Omiebox Securing Insert,1
2026-02-01,Omiebox Securing Insert,1
2026-03-01,Omiebox Securing Insert,1
2026-04-01,Omiebox Securing Insert,1
2026-05-01,Omiebox Securing Insert,1
2026-06-01,Omiebox Securing Insert,1
2026-07-01,Omiebox Securing Insert,1
2026-08-01,Omiebox Securing Insert,1
2026-09-01,Omiebox Securing Insert,1
2026-10-01,Omiebox Securing Insert,1
2026-11-01,Omiebox Securing Insert,1
2025-10-01,Lunch Punch Christmas Bento Fun Set,1
2025-11-01,Lunch Punch Christmas Bento Fun Set,1
2025-12-01,Lunch Punch Christmas Bento Fun Set,0
2026-01-01,Lunch Punch Christmas Bento Fun Set,0
2026-02-01,Lunch Punch Christmas Bento Fun Set,0
2026-03-01,Lunch Punch Christmas Bento Fun Set,0
2026-04-01,Lunch Punch Christmas Bento Fun Set,0
2026-05-01,Lunch Punch Christmas Bento Fun Set,0
2026-06-01,Lunch Punch Christmas Bento Fun Set,0
2026-07-01,Lunch Punch Christmas Bento Fun Set,0
2026-08-01,Lunch Punch Christmas Bento Fun Set,0
2026-09-01,Lunch Punch Christmas Bento Fun Set,0
2025-09-01,Soft Straws Reusable Silicone Straws,1
2025-10-01,Soft Straws Reusable Silicone Straws,1
2025-11-01,Soft Straws Reusable Silicone Straws,1
2025-12-01,Soft Straws Reusable Silicone Straws,1
2026-01-01,Soft Straws Reusable Silicone Straws,1
2026-02-01,Soft Straws Reusable Silicone Straws,1
2026-03-01,Soft Straws Reusable Silicone Straws,1
2026-04-01,Soft Straws Reusable Silicone Straws,1
2026-05-01,Soft Straws Reusable Silicone Straws,1
2026-06-01,Soft Straws Reusable Silicone Straws,1
2026-07-01,Soft Straws Reusable Silicone Straws,1
2026-08-01,Soft Straws Reusable Silicone Straws,1
2025-12-01,OmiePlate,1
2026-01-01,OmiePlate,1
2026-02-01,OmiePlate,1
2026-03-01,OmiePlate,1
2026-04-01,OmiePlate,1
2026-05-01,OmiePlate,1
2026-06-01,OmiePlate,0
2026-07-01,OmiePlate,0
2026-08-01,OmiePlate,0
2026-09-01,OmiePlate,0
2026-10-01,OmiePlate,0
2026-11-01,OmiePlate,0
2025-10-01,MontiiCo 1L Screw Lid Bottle,3
2025-11-01,MontiiCo 1L Screw Lid Bottle,3
2025-12-01,MontiiCo 1L Screw Lid Bottle,3
2026-01-01,MontiiCo 1L Screw Lid Bottle,3
2026-02-01,MontiiCo 1L Screw Lid Bottle,3
2026-03-01,MontiiCo 1L Screw Lid Bottle,4
2026-04-01,MontiiCo 1L Screw Lid Bottle,4
2026-05-01,MontiiCo 1L Screw Lid Bottle,4
2026-06-01,MontiiCo 1L Screw Lid Bottle,4
2026-07-01,MontiiCo 1L Screw Lid Bottle,4
2026-08-01,MontiiCo 1L Screw Lid Bottle,5
2026-09-01,MontiiCo 1L Screw Lid Bottle,5
2025-11-01,Yumbox Tapas 4C Tray,1
2025-12-01,Yumbox Tapas 4C Tray,1
2026-01-01,Yumbox Tapas 4C Tray,1
2026-02-01,Yumbox Tapas 4C Tray,1
2026-03-01,Yumbox Tapas 4C Tray,1
2026-04-01,Yumbox Tapas 4C Tray,1
2026-05-01,Yumbox Tapas 4C Tray,1
2026-06-01,Yumbox Tapas 4C Tray,1
2026-07-01,Yumbox Tapas 4C Tray,1
2026-08-01,Yumbox Tapas 4C Tray,1
2026-09-01,Yumbox Tapas 4C Tray,1
2026-10-01,Yumbox Tapas 4C Tray,1
2025-11-01,Kids Raw Rainbow Baltic Amber Teething Necklace,1
2025-12-01,Kids Raw Rainbow Baltic Amber Teething Necklace,1
2026-01-01,Kids Raw Rainbow Baltic Amber Teething Necklace,1
2026-02-01,Kids Raw Rainbow Baltic Amber Teething Necklace,1
2026-03-01,Kids Raw Rainbow Baltic Amber Teething Necklace,1
2026-04-01,Kids Raw Rainbow Baltic Amber Teething Necklace,1
2026-05-01,Kids Raw Rainbow Baltic Amber Teething Necklace,1
2026-06-01,Kids Raw Rainbow Baltic Amber Teething Necklace,1
2026-07-01,Kids Raw Rainbow Baltic Amber Teething Necklace,1
2026-08-01,Kids Raw Rainbow Baltic Amber Teething Necklace,1
2026-09-01,Kids Raw Rainbow Baltic Amber Teething Necklace,1
2026-10-01,Kids Raw Rainbow Baltic Amber Teething Necklace,1
2023-10-01,MontiiCo Mega Insulated Food Jar 500ml,4
2023-11-01,MontiiCo Mega Insulated Food Jar 500ml,4
2023-12-01,MontiiCo Mega Insulated Food Jar 500ml,4
2024-01-01,MontiiCo Mega Insulated Food Jar 500ml,5
2024-02-01,MontiiCo Mega Insulated Food Jar 500ml,5
2024-03-01,MontiiCo Mega Insulated Food Jar 500ml,6
2024-04-01,MontiiCo Mega Insulated Food Jar 500ml,6
2024-05-01,MontiiCo Mega Insulated Food Jar 500ml,7
2024-06-01,MontiiCo Mega Insulated Food Jar 500ml,7
2024-07-01,MontiiCo Mega Insulated Food Jar 500ml,8
2024-08-01,MontiiCo Mega Insulated Food Jar 500ml,8
2024-09-01,MontiiCo Mega Insulated Food Jar 500ml,9
2024-02-01,Avanchy La Petite Mini Silicone Baby Cup,1
2024-03-01,Avanchy La Petite Mini Silicone Baby Cup,1
2024-04-01,Avanchy La Petite Mini Silicone Baby Cup,1
2024-05-01,Avanchy La Petite Mini Silicone Baby Cup,1
2024-06-01,Avanchy La Petite Mini Silicone Baby Cup,1
2024-07-01,Avanchy La Petite Mini Silicone Baby Cup,1
2024-08-01,Avanchy La Petite Mini Silicone Baby Cup,1
2024-09-01,Avanchy La Petite Mini Silicone Baby Cup,1
2024-10-01,Avanchy La Petite Mini Silicone Baby Cup,1
2024-11-01,Avanchy La Petite Mini Silicone Baby Cup,1
2024-12-01,Avanchy La Petite Mini Silicone Baby Cup,1
2025-01-01,Avanchy La Petite Mini Silicone Baby Cup,1
2024-09-01,BabyComfy Nasal Aspirator,1
2024-10-01,BabyComfy Nasal Aspirator,1
2024-11-01,BabyComfy Nasal Aspirator,1
2024-12-01,BabyComfy Nasal Aspirator,1
2025-01-01,BabyComfy Nasal Aspirator,1
2025-02-01,BabyComfy Nasal Aspirator,1
2025-03-01,BabyComfy Nasal Aspirator,1
2025-04-01,BabyComfy Nasal Aspirator,1
2025-05-01,BabyComfy Nasal Aspirator,1
2025-06-01,BabyComfy Nasal Aspirator,1
2025-07-01,BabyComfy Nasal Aspirator,1
2025-08-01,BabyComfy Nasal Aspirator,1
2025-09-01,Baby Banana 2 in 1 Toothbrush and Teether no handles,1
2025-10-01,Baby Banana 2 in 1 Toothbrush and Teether no handles,1
2025-11-01,Baby Banana 2 in 1 Toothbrush and Teether no handles,1
2025-12-01,Baby Banana 2 in 1 Toothbrush and Teether no handles,1
2026-01-01,Baby Banana 2 in 1 Toothbrush and Teether no handles,1
2026-02-01,Baby Banana 2 in 1 Toothbrush and Teether no handles,1
2026-03-01,Baby Banana 2 in 1 Toothbrush and Teether no handles,1
2026-04-01,Baby Banana 2 in 1 Toothbrush and Teether no handles,1
2026-05-01,Baby Banana 2 in 1 Toothbrush and Teether no handles,1
2026-06-01,Baby Banana 2 in 1 Toothbrush and Teether no handles,1
2026-07-01,Baby Banana 2 in 1 Toothbrush and Teether no handles,1
2026-08-01,Baby Banana 2 in 1 Toothbrush and Teether no handles,1
2025-10-01,"MontiiCo Large Bumper - 1L, 1.5L - Midnight",2
2025-11-01,"MontiiCo Large Bumper - 1L, 1.5L - Midnight",2
2025-12-01,"MontiiCo Large Bumper - 1L, 1.5L - Midnight",3
2026-01-01,"MontiiCo Large Bumper - 1L, 1.5L - Midnight",3
2026-02-01,"MontiiCo Large Bumper - 1L, 1.5L - Midnight",3
2026-03-01,"MontiiCo Large Bumper - 1L, 1.5L - Midnight",3
2026-04-01,"MontiiCo Large Bumper - 1L, 1.5L - Midnight",3
2026-05-01,"MontiiCo Large Bumper - 1L, 1.5L - Midnight",4
2026-06-01,"MontiiCo Large Bumper - 1L, 1.5L - Midnight",4
2026-07-01,"MontiiCo Large Bumper - 1L, 1.5L - Midnight",4
2026-08-01,"MontiiCo Large Bumper - 1L, 1.5L - Midnight",4
2026-09-01,"MontiiCo Large Bumper - 1L, 1.5L - Midnight",4
2025-08-01,Swimava Rings,1
2025-09-01,Swimava Rings,1
2025-10-01,Swimava Rings,1
2025-11-01,Swimava Rings,1
2025-12-01,Swimava Rings,1
2026-01-01,Swimava Rings,1
2026-02-01,Swimava Rings,0
2026-03-01,Swimava Rings,0
2026-04-01,Swimava Rings,0
2026-05-01,Swimava Rings,0
2026-06-01,Swimava Rings,0
2026-07-01,Swimava Rings,0
2024-10-01,BabyComfy Deluxe Safety Nail Clipper,1
2024-11-01,BabyComfy Deluxe Safety Nail Clipper,1
2024-12-01,BabyComfy Deluxe Safety Nail Clipper,1
2025-01-01,BabyComfy Deluxe Safety Nail Clipper,1
2025-02-01,BabyComfy Deluxe Safety Nail Clipper,1
2025-03-01,BabyComfy Deluxe Safety Nail Clipper,1
2025-04-01,BabyComfy Deluxe Safety Nail Clipper,1
2025-05-01,BabyComfy Deluxe Safety Nail Clipper,1
2025-06-01,BabyComfy Deluxe Safety Nail Clipper,1
2025-07-01,BabyComfy Deluxe Safety Nail Clipper,1
2025-08-01,BabyComfy Deluxe Safety Nail Clipper,1
2025-09-01,BabyComfy Deluxe Safety Nail Clipper,1
2025-10-01,Haakaa 3rd Gen Silicone Breast Pump,2
2025-11-01,Haakaa 3rd Gen Silicone Breast Pump,2
2025-12-01,Haakaa 3rd Gen Silicone Breast Pump,2
2026-01-01,Haakaa 3rd Gen Silicone Breast Pump,2
2026-02-01,Haakaa 3rd Gen Silicone Breast Pump,2
2026-03-01,Haakaa 3rd Gen Silicone Breast Pump,2
2026-04-01,Haakaa 3rd Gen Silicone Breast Pump,2
2026-05-01,Haakaa 3rd Gen Silicone Breast Pump,3
2026-06-01,Haakaa 3rd Gen Silicone Breast Pump,3
2026-07-01,Haakaa 3rd Gen Silicone Breast Pump,3
2026-08-01,Haakaa 3rd Gen Silicone Breast Pump,3
2026-09-01,Haakaa 3rd Gen Silicone Breast Pump,3
2025-10-01,Kids Raw Multi Baltic Amber Teething Necklace,1
2025-11-01,Kids Raw Multi Baltic Amber Teething Necklace,1
2025-12-01,Kids Raw Multi Baltic Amber Teething Necklace,1
2026-01-01,Kids Raw Multi Baltic Amber Teething Necklace,1
2026-02-01,Kids Raw Multi Baltic Amber Teething Necklace,1
2026-03-01,Kids Raw Multi Baltic Amber Teething Necklace,1
2026-04-01,Kids Raw Multi Baltic Amber Teething Necklace,1
2026-05-01,Kids Raw Multi Baltic Amber Teething Necklace,1
2026-06-01,Kids Raw Multi Baltic Amber Teething Necklace,1
2026-07-01,Kids Raw Multi Baltic Amber Teething Necklace,1
2026-08-01,Kids Raw Multi Baltic Amber Teething Necklace,1
2026-09-01,Kids Raw Multi Baltic Amber Teething Necklace,1
2025-12-01,MontiiCo Zip Up Pouch,2
2026-01-01,MontiiCo Zip Up Pouch,2
2026-02-01,MontiiCo Zip Up Pouch,2
2026-03-01,MontiiCo Zip Up Pouch,2
2026-04-01,MontiiCo Zip Up Pouch,2
2026-05-01,MontiiCo Zip Up Pouch,2
2026-06-01,MontiiCo Zip Up Pouch,2
2026-07-01,MontiiCo Zip Up Pouch,2
2026-08-01,MontiiCo Zip Up Pouch,2
2026-09-01,MontiiCo Zip Up Pouch,2
2026-10-01,MontiiCo Zip Up Pouch,2
2026-11-01,MontiiCo Zip Up Pouch,2
2025-03-01,Totseat Portable Highchair,1
2025-04-01,Totseat Portable Highchair,1
2025-05-01,Totseat Portable Highchair,1
2025-06-01,Totseat Portable Highchair,1
2025-07-01,Totseat Portable Highchair,1
2025-08-01,Totseat Portable Highchair,1
2025-09-01,Totseat Portable Highchair,1
2025-10-01,Totseat Portable Highchair,1
2025-11-01,Totseat Portable Highchair,1
2025-12-01,Totseat Portable Highchair,1
2026-01-01,Totseat Portable Highchair,1
2026-02-01,Totseat Portable Highchair,1
2025-09-01,Yumbox Tapas 5C Tray,2
2025-10-01,Yumbox Tapas 5C Tray,2
2025-11-01,Yumbox Tapas 5C Tray,2
2025-12-01,Yumbox Tapas 5C Tray,2
2026-01-01,Yumbox Tapas 5C Tray,2
2026-02-01,Yumbox Tapas 5C Tray,2
2026-03-01,Yumbox Tapas 5C Tray,2
2026-04-01,Yumbox Tapas 5C Tray,3
2026-05-01,Yumbox Tapas 5C Tray,3
2026-06-01,Yumbox Tapas 5C Tray,3
2026-07-01,Yumbox Tapas 5C Tray,3
2026-08-01,Yumbox Tapas 5C Tray,3
